 Paper ID , Manuscript Title , Method used for optimization of the supply chain , VSM  used alone or in combination with other optimization methods , Main benefits , Place where the study was implemented ,Country,Continent, Company sector ,Sector , Year of publication , Improvement rate for the KPIs , ,,,,,,,,,, ,,,,,,,,,, ,,,,,,,,,, ,,,,,,,,,, ,,,,,,,,,, 
 Paper 144 , Comparison of Four Environmental Assessment Tools in Swedish Manufacturing: A Case Study ," Environmental Value Stream Map (EVSM ), Green Performance Map (GPM), Waste Flow Mapping (WFM), Life Cycle Assessment (LCA) "," EVSM  used in combination with GPM, WFM, and LCA "," Insights into features, applicability, and limitations of the four tools for environmental assessment ", Sweden ,Sweden,Europe, Automotive ,Automotive ,2019, Not explicitly stated , ,,,,,,,,,,,,,,,,,,,,,,,,,,,,,,,,,,,,,,,,,,,,,,,,,,
 Paper 17 , An Integrated Fuzzy-based Multi Criteria Decision Making System to Selection of Lean Tool Performance: An Indian Automotive Parts Manufacturing Company Case Study , Fuzzy-based Multi Criteria Decision Making System ," VSM  was considered along with other lean tools such as poka-yoke, single minute exchange of die (SMED), kaizen, and 5S "," The study found that the use of a fuzzy-based multi criteria decision making system can help in selecting the most appropriate lean tool for a given manufacturing scenario, leading to improvements in various performance metrics. ", An Indian automotive parts manufacturing company ,India,Asia, Automotive parts manufacturing ,Automotive ,2015, The specific improvement rates are not mentioned in the provided document. , ,,,,,,,,,,,,,,,,,,,,,,,,,,,,,,,,,,,,,,,,,,,,,,,,,,
 Paper 267 , Implementation of Lean Six Sigma in Quality Improvement by Reducing NG Drop Defective Products in the HL 4.8 Product Final Test Machine , Lean Six Sigma (DMAIC process) ," VSM  not explicitly mentioned, but DMAIC process used for optimization ", - Improvement in production yield from 92.17% to 99.88% <br> - Increase in sigma level from 1.4482 to 2.9730 <br> - Decrease in NG Drop's percentage of defective products from 0.62% to 0.036% , Unnamed company producing Hologram Laser 4.8 (HL 4.8) products ,-,-, Electronic component manufacturing ,Electronics,2023, - Production yield improved by 7.71 percentage points (from 92.17% to 99.88%) <br> - Sigma level increased by 1.5248 (from 1.4482 to 2.9730) <br> - NG Drop's percentage of defective products decreased by 0.584 percentage points (from 0.62% to 0.036%) , ,,,,,,,,,,,,,,,,,,,,,,,,,,,,,,,,,,,,,,,,,,,,,,,,,,
 Paper 276 , Utilizing Process Value Mapping in Lieu of Value Stream Mapping for Elimination of Waste in Business and Information Processes , Process Value Mapping (PVM) ," VSM  not used, PVM used instead ", - Allows for simultaneous analysis of information and material flow <br> - Provides percentage value-added time for the entire process <br> - More suitable for optimizing business processes that are primarily information flow or a combination of information and material flow , Case study of a loan approval process in financial institutions ,-,-, Finance ,Finance,2007, Not specified , ,,,,,,,,,,,,,,,,,,,,,,,,,,,,,,,,,,,,,,,,,,,,,,,,,,
 Paper 236 , A new hybrid method for manufacturing sustainability performance assessment: a case study in furniture industry ," Sustainability VSM, Delphi, Dematel-Analytical Network Process (ANP),  and Traffic Light System ", VSM  used in combination with other methods ," Assessment of manufacturing sustainability performance, identification of areas for improvement, increased efficiency and waste reduction ", Furniture industry in Indonesia ,Indonesia,Asia, Furniture industry , Furniture,2022, Manufacturing Sustainability Score (MSS) increased to 66.97% , ,,,,,,,,,,,,,,,,,,,,,,,,,,,,,,,,,,,,,,,,,,,,,,,,,,
 Paper 231 , Scheduling Based Decision Support System Design for Determining the Number of Setup Workers Under SMED Environment , Unique heuristic algorithms for setup task scheduling based on optimization in an SMED environment , VSM  not explicitly mentioned ," Effective machine optimization, standardization of operation setup activities, reduced setup times, decreased customer lead times, processing times, and inventory levels ", Istanbul Technical University (IT?) ,Turkey,Asia, Not mentioned ,NA,2021, Not mentioned , ,,,,,,,,,,,,,,,,,,,,,,,,,,,,,,,,,,,,,,,,,,,,,,,,,,
 Paper 10 , Using Lean Principles & Simulation for Productivity Improvement: the case of a ceramic industry , VSM  used in combination with simulation ," Yes, VSM  used in combination with simulation ", - Increased productivity by 16%<br>- Reduced work in progress<br>- Lowered waiting time for components<br>- Improved operators' utilization ," Vista Alegre Atlantis, SA, Portugal ",Portugal,Europe, Ceramic industry , Ceramic,2014, - Productivity: +16% ,,,,,,,,,,,,,,,,,,,,,,,,,,,,,,,,,,,,,,,,,,,,,,,,,,,
 Paper 9 , Two-sided assembly line balancing of refrigeration assembly lines , VSM and Genetic Algorithm (GA) , VSM  used in combination with GA ," - Reduction of cycle time by 8.6% and 17.14%<br>- Reduction of balance delay by 18%, 19.21%, 21.16%, and 17.24%<br>- Minimization of variation between activities<br>- Increased efficiency and production rate ", Unspecified refrigeration company ,-,-, Household appliance manufacturing ,Household,2014," - Cycle Time: Reduction by 8.6% and 17.14%<br>- Balance Delay: Reduction by 18%, 19.21%, 21.16%, and 17.24%<br>- Efficiency: Increase to 79.06%, 79%, 81.28%, and 82.76%<br>- Production Rate: Increase to 113 and 124 units/hr ", ,,,,,,,,,,,,,,,,,,,,,,,,,,,,,,,,,,,,,,,,,,,,,,,,,,
 Paper 240 , A Sustainable Productive Method for Enhancing Operational Excellence in Shop Floor Management for Industry 4.0 Using Hybrid Integration of Lean and Smart Manufacturing: An Ingenious Case Study , VSM and Hybrid integration of Lean and Smart Manufacturing concepts, VSM  used in combination with other methods ," Enhancement of operational performance, improvement in overall equipment effectiveness (OEE), reduction in lead time, cycle time, and work in process inventory, improvement in workforce efficiency and financial profitability, boost in production rate and product quality ", Mining machinery manufacturing environment ,-,-, Mining Machinery Manufacturing ,Mining Machinery,2022," Overall equipment effectiveness (OEE): 72.04% (improved from 46.31%), Cycle time: 4860 minutes (reduced from 6800 minutes), Idle time: 390 minutes (reduced from 470 minutes), Manpower: 38 (reduced from 46), Shop floor area: 1950 square meters (reduced from 2550 square meters) ", ,,,,,,,,,,,,,,,,,,,,,,,,,,,,,,,,,,,,,,,,,,,,,,,,,,
 Paper 141 , Application of Lean Production/Construction to Reduce Waste in Pipe Gas Construction (Case Study of Semare-Tie in KM 19 Pipa Porong Grati Gas Development Project PT Pertamina Gas) ," VSM and Lean Construction approach, including Big Picture Mapping (BPM) ", VSM  (BPM) used in combination with Lean Construction ," - Improved efficiency and reduced waste in engineering work, specifically in the gas pipeline installation project ", Indonesia ,Indonesia,Asia, Oil and gas industry ,Oil and gas,2019, Not mentioned , ,,,,,,,,,,,,,,,,,,,,,,,,,,,,,,,,,,,,,,,,,,,,,,,,,,
 Paper 271 , Lean Optimization of Batch Production in an Aluminium Company , VSM and other lean manufacturing techniques, VSM  used in combination with other lean tools , - Reduction of overall wastes in the component produced in batches <br> - Improvement in production planning control and operation management ," Port Harcourt, Rivers State, Nigeria ",Nigeria,Africa, Aluminium industry (production of aluminium roofing sheets and other building materials) ,Aluminium,2023, Not provided , ,,,,,,,,,,,,,,,,,,,,,,,,,,,,,,,,,,,,,,,,,,,,,,,,,,
 Paper 246 , Simulation Approach to Optimize Production Costs Through Value Stream Mapping , VSM and Taboo Search Algorithm , VSM  used in combination with Taboo Search Algorithm ," - Reduction of wastes in terms of materials, time, and resources<br>- Lower production costs<br>- Improved productivity ", Not specified ,-,-, Manufacturing ,Manufacturing,2009, - 14.7% reduction in WIP for model GX 35 JD , ,,,,,,,,,,,,,,,,,,,,,,,,,,,,,,,,,,,,,,,,,,,,,,,,,,
Paper 110,Implementation of Lean Manufacturing Tools in an Abattoir: A Case Study of a Botswana Private Beef Abattoir," VSM, 5S, Just-in-time, Redesigning and optimization of working cells and production layout, and control charts",Value stream mapping was used in combination with other lean manufacturing tools,"Improved productivity, work improvements, reduced waste in the manufacturing process, and improved efficiency","Botswana Private Beef Abattoir, Palapye, Botswana",Botswana,Africa,Beef industry,Beef,2018,"21-23% cycle time improvements, 20-22% process efficiency improvement",,,,,,,,,,,,,,,,,,,,,,,,,,,,,,,,,,,,,,,,,,,,,,,,,,,
 Paper 121 , Lean Six Sigma: Multiple Case Study ," VSM, Lean Six Sigma (Lean Manufacturing and Six Sigma), SIPOC analysis, DMAIC methodology ", VSM  combined with other methods ," Optimization of machine and production flow, savings of resources, improvement in lead time "," Sorocaba, S?o Paulo ",Brazil,South America, Diverse industries ,,2017," Operation time reduced by 32%, process time reduced by 15% ", ,,,,,,,,,,,,,,,,,,,,,,,,,,,,,,,,,,,,,,,,,,,,,,,,,,
 Paper 79 , Business Process Reengineering Using a Customised Mapping Model: A Case Study in a SME ," VSM, Process Mapping (PM), and Process Activity Mapping (PAM)  "," Customised mapping model combining PM, PAM, and VSM  "," Increased stock accuracy from 22% to above 95%, reduction of reversed orders from about 40 per month to zero, order fulfillment time reduced by 50%, profitability improved threefold "," Herbert Retail Ltd., Haverhill, near Cambridge ",UK,Europe, Manufacturing and service sector (SME with ?20 million annual turnover and 200 employees) ,Manufacturing and service,2007," Number of reversed orders reduced from 40 to 0 per month, stock accuracy increased from 22% to above 95%, order fulfillment time reduced by 50%, profitability improved threefold ", ,,,,,,,,,,,,,,,,,,,,,,,,,,,,,,,,,,,,,,,,,,,,,,,,,,
 Paper 47,Lean Manufacturing in SMEs,"Cellular manufacturing and lean production planning and control techniques (pull, takt time, heijunka)",VSM ,"Increased production flow efficiency, reduced lead times, improved inventory control, and increased customer satisfaction","Milleteknik, a Swedish SME",Sweden,Europe,Electronics manufacturing,Electronics,2023,Not specified in the document,,,,,,,,,,,,,,,,,,,,,,,,,,,,,,,,,,,,,,,,,,,,,,,,,,,
 Paper 80,Production flow analysis through emvironmental value stream mapping: a case study of cover glass manufacturing facility,Environmental VSM (E-VSM),E-VSM ,Integrated environmental metrics into conventional VSM  and idtentified botlenecks.,,-,-,,,2017,"46% CO2 reduction, 27% lead time decrease",,,,,,,,,,,,,,,,,,,,,,,,,,,,,,,,,,,,,,,,,,,,,,,,,,,
 Paper 261 , Sustainable Manufacturing Performance Enhancement Using Lean Competitive Strategy: A Case Study in Plastic Molding Industry ,Lean Competitive Strategy , VSM  not explicitly mentioned , - Improved production efficiency<br>- Reduced manufacturing lead time<br>- Enhanced sustainability performance<br>- Increased market competitiveness , Not specified ,-,-, Plastic Molding Industry ,Plastic molding,2023, Not provided , ,,,,,,,,,,,,,,,,,,,,,,,,,,,,,,,,,,,,,,,,,,,,,,,,,,
 Paper 2 , Three Dimensions of Responsiveness ,VSM , Used in combination with semi-structured interviews and site visits ," Identified three key dimensions of responsiveness in supply chains: product, process, and volume ", Automotive and electronics industry ,-,-, Manufacturing ,Automotive and electronics ,2005, Not provided ,,,,,,,,,,,,,,,,,,,,,,,,,,,,,,,,,,,,,,,,,,,,,,,,,,,
 Paper 285 , Application of value stream mapping for lean operations and cycle time reduction: An Indian case study ,VSM , VSM  used alone ," Improved productivity of supplier ABC Ltd., consistent hourly supply of motorcycle frames from ABC Ltd to XYZ, reduction in cycle time and lead time "," ABC Ltd, a dedicated supplier for XYZ, in India ",India,Asia," Automotive industry, motorcycle segment ","Automotive industry, motorcycle segment ",2005, Specific improvement rates not mentioned , ,,,,,,,,,,,,,,,,,,,,,,,,,,,,,,,,,,,,,,,,,,,,,,,,,,
 Paper 46 , Improving Quality through Value Stream Mapping: A Case Study of a Physician's Clinic ,VSM , Used alone , - Significantly lower patient wait times<br>- Increased patient throughput<br>- Increased capacity without adding people or equipment<br>- Greater opportunity for last-minute appointments<br>- Lower stress levels for clinic staff , A small medical clinic ,-,-, Healthcare ,Healthcare,2006," Specific numerical data not provided, but the study indicates a 25% increase in capacity in a different case example ", ,,,,,,,,,,,,,,,,,,,,,,,,,,,,,,,,,,,,,,,,,,,,,,,,,,
 Paper 24 , A NEW VALUE STREAM MAPPING APPROACH FOR COMPLEX PRODUCTION SYSTEMS ,VSM , Combined with Temporized Bill of Material (TBOM) and other tools derived from industrial engineering , - Addresses the limitations of traditional VSM  in complex production systems<br>- Enables the optimization of complex systems with multiple flows that merge<br>- Supports the identification of the critical production path and the analysis of possible sharing with secondary paths<br>- Enhances lean production and reduces the Work In Process (WIP) level , Not specified ,-,-, Not specified ,Not,2006, Not explicitly mentioned , ,,,,,,,,,,,,,,,,,,,,,,,,,,,,,,,,,,,,,,,,,,,,,,,,,,
 Paper 284 , Materials flow improvement in a lean assembly line: A case study ,VSM ," Combined with a milkrun system for materials handling, but not explicitly mentioned "," Improvement of lean metrics without modifying the layout and production planning, routing flexibility of the milkrun reduced stocks, work-in-process, and dock-to-dock time, while increasing lean rate ", Bosch factory in Spain ,Spain,Europe, Automotive and industrial technology ,Automotive and industrial technology ,2007," Dock-to-dock time reduced from 19.75 days to 10.7 days, lean rate increased from 0.38% to 0.44% ", ,,,,,,,,,,,,,,,,,,,,,,,,,,,,,,,,,,,,,,,,,,,,,,,,,,
 Paper 124 , An analysis of low-income housing business chain in the light of target costing concept: A case study in Brazil ,VSM , VSM  used alone for information flow analysis ," Identification of opportunities for improvements, identification of end-client requirements "," Londrina, Paran芍 State, Brazil ",Brazil,South America, Housing and Construction , Housing and Construction ,2008, Not specified ,,,,,,,,,,,,,,,,,,,,,,,,,,,,,,,,,,,,,,,,,,,,,,,,,,,
 Paper 135 , An analysis of low-income housing business chain in the light of target costing concept: A case study in Brazil ,VSM , Used alone , - Identification of opportunities for process improvement <br> - Enhanced understanding of the product development process <br> - Improved communication among team members <br> - Increased efficiency and reduced waste in the production process , Brazil ,Brazil,South America, Low-income housing sector , Low-income housing,2008, Not provided , ,,,,,,,,,,,,,,,,,,,,,,,,,,,,,,,,,,,,,,,,,,,,,,,,,,
 Paper 126 , An Analysis of Low-Income Housing Business Chain in the Light of Target Costing Concept: A Case Study in Brazil ,VSM , Used alone , - Comprehensive view of product development process <br> - Identification of improvement and failures in the process <br> - Enhancement of supply chain management in the low-income housing sector , Brazil ,Brazil,South America, Public Housing Agency , Public Housing Agency ,2008, Not specified , ,,,,,,,,,,,,,,,,,,,,,,,,,,,,,,,,,,,,,,,,,,,,,,,,,,
 Paper 157 , Enhancement of an Effective Training in Manufacturing Company ,VSM , VSM  used alone ," Improved productivity, reduced waste, increased efficiency ", Malaysia ,Malaysia,Asia, Manufacturing ,Manufacturing,2008, Not explicitly mentioned , ,,,,,,,,,,,,,,,,,,,,,,,,,,,,,,,,,,,,,,,,,,,,,,,,,,
 Paper 168 , Evaluation of Value Stream Mapping in Manufacturing Systems Redesigning ,VSM , VSM  used alone ," Confirmed validity of VSM  as a redesign tool, Established resources required for the application process, Highlighted differences between theoretical concepts proposed by VSM  and their real-world practical applications ", Multiple case studies in six industrial companies ,-,-, Not specified ,Not,2008, Not mentioned , ,,,,,,,,,,,,,,,,,,,,,,,,,,,,,,,,,,,,,,,,,,,,,,,,,,
 Paper 289 , Analyzing the Benefits of Lean Tools: A Consumer Durables Manufacturing Company Case Study ,VSM , Used in combination with other lean tools and techniques ," Reduced lead time, improved lean rate, enhanced productivity and product quality, better operational control ", A medium-scale consumer durables manufacturing company in India ,India,Asia, Table-top wet grinder manufacturing , Table-top wet grinder ,2011," Takt time reduction: 26%, cycle time reduction: 8%, assembly line production increase: 23%, lean rate increase: from 31% to 43% ", ,,,,,,,,,,,,,,,,,,,,,,,,,,,,,,,,,,,,,,,,,,,,,,,,,,
 Paper 295 , Lessons learned from successfulVSM in construction ,VSM , Used alone ," - Improved visualization and transparency of production processes<br>- Identification and reduction of waste in the production system<br>- Enhanced customer value through more efficient production processes<br>- Initiation of a ""Lean journey"" for the involved companies "," Three different companies: patio door manufacturing, interior wall manufacturing, and kitchen cabinet assembly ",-,-, Construction ,Construction,2011, Not provided , ,,,,,,,,,,,,,,,,,,,,,,,,,,,,,,,,,,,,,,,,,,,,,,,,,,
 Paper 294 , Increased efficiency through production stream mapping and application of Index of Global Operating Income in the manufacturing process of an electronic components company ,VSM , In combination with the Index of Global Operating Income (IROG) ," - Identification of bottlenecks and other limiting factors in the production process<br>- Proposal of initiatives to increase the IROG and overall efficiency<br>- Balancing of the production flow, reduction of production lead time, and potential improvements ", A manufacturing plant of high-vibration resistant capacitors for the automotive industry ,-,-, Electronic components ,Electronic,2011," - 20% increase in production, from 3,500 to 4,189 pieces per turn ", ,,,,,,,,,,,,,,,,,,,,,,,,,,,,,,,,,,,,,,,,,,,,,,,,,,
 Paper 288 , A framework for assessing the cost effectiveness of lean tools ,VSM ," VSM  used in combination with other lean tools such as 5S, SIPOC, and process mapping "," Improved process efficiency, reduced lead times, and increased customer satisfaction "," S?dra Timber in Ramkvilla, Sweden ",Sweden,Europe, Forestry and wood products ,Forestry,2011," 50% reduction in lead time, 20% increase in process efficiency ", ,,,,,,,,,,,,,,,,,,,,,,,,,,,,,,,,,,,,,,,,,,,,,,,,,,
 Paper 293 , Implementation of Lean Six Sigma (LSS) in supply chain management (SCM) ,VSM , In combination with other Lean Six Sigma tools ," - Improved process flow<br>- Reduced waste<br>- Increased customer satisfaction<br>- Enhanced cost, quality, and delivery performance ", Not specified ,-,-," Retail, manufacturing products ",Retail,2011, - Receiving period: Reduction from 2 weeks late (current baseline) to 1 day late (target)<br>- Filling rate of orders from retailers: Increase from 80% (current baseline) to 90% (target)<br>- Picking rate: Improvement from 39 line picks/operator/hour (current baseline) to 60 line picks/operator/hour (target) , ,,,,,,,,,,,,,,,,,,,,,,,,,,,,,,,,,,,,,,,,,,,,,,,,,,
 Paper 22 , An Application of Value Stream Mapping In Automotive Industry: A Case Study ,VSM , Standalone , - Identification and elimination of waste in the production process<br>- Reduction in lead time from 24 days to 12 days<br>- Improvement in on-time delivery from 87% to 97%<br>- Enhancement of product quality and customer satisfaction , An automotive component manufacturing company located in India ,India,Asia, Automotive Manufacturing ,Automotive,2012, - Lead time reduction: 50%<br>- On-time delivery improvement: 10%<br>- Product quality enhancement: Not specified<br>- Customer satisfaction improvement: Not specified , ,,,,,,,,,,,,,,,,,,,,,,,,,,,,,,,,,,,,,,,,,,,,,,,,,,
 Paper 297 , Material and Information Flow Chart (MIFC) Mapping for Lean Manufacturing Implementation in the D55D Assembly Line ,VSM , Used alone ," - Identified wastes and source of wastes, areas for improvement, and appropriate tools for Kaizen activities in the D55D assembly line "," XYZ Manufacturing Sendirian Berhad, an automotive component assembly line in Malaysia ",Malaysia,Asia, Automotive components manufacturing ,Automotive,2012, Not explicitly mentioned , ,,,,,,,,,,,,,,,,,,,,,,,,,,,,,,,,,,,,,,,,,,,,,,,,,,
 Paper 13 , Value Stream Mapping in Construction: A Case Study in a Brazilian Construction Company ,VSM , Used alone ," Identification of wastes and problems in the production process, Proposal of improvement actions for the construction of a new flow, Increased production regularity and quality, Reduction of lead time and costs, Increased customer satisfaction ", Brazil ,Brazil,South America, Construction ,Construction,2012," Average T/C (time between one product and the next) reduction: 211.77 min/m? to 112.24 min/m? for marking, 89.86 min/m? to 58.91 min/m? for elevation, 496.05 min/m? to 264.71 min/m? for wall closing, Lead time reduction: 60 workdays to 53.71 workdays per pavement ", ,,,,,,,,,,,,,,,,,,,,,,,,,,,,,,,,,,,,,,,,,,,,,,,,,,
 Paper 241 , Application of lean manufacturing using value stream mapping in an auto-parts manufacturing unit ,VSM , VSM  used alone ," Cycle time reduction for replacement ball: 69.41%, work-in-process inventory reduction for replacement ball: 18.26%, production lead time reduction for replacement ball: 24.56%, cycle time reduction for Weldon ball end: 51.87%, work-in-process inventory reduction for Weldon ball end: 21.51%, lead time reduction for Weldon ball end: 25.88% "," A leading auto-parts manufacturing unit located near Ludhiana, Punjab, India ",India,Asia, Automotive components industry ,Automotive,2013," Cycle time reduction for replacement ball: 69.41%, Work-in-process inventory reduction for replacement ball: 18.26%, Production lead time reduction for replacement ball: 24.56%, Cycle time reduction for Weldon ball end: 51.87%, Work-in-process inventory reduction for Weldon ball end: 21.51%, Lead time reduction for Weldon ball end: 25.88% ",,,,,,,,,,,,,,,,,,,,,,,,,,,,,,,,,,,,,,,,,,,,,,,,,,,
 Paper 3 , Lean Manufacturing Implementation Using Value Stream Mapping: A Case study of Pumps Manufacturing Company ,VSM , Used alone ," Identification and elimination of waste, improvement of production flow, maximization of production while minimizing waste, development of lean practices ", Pumps manufacturing company ,-,-, Manufacturing , Pumps  ,2014," Lead time reduction from 54 days to 36.5 days, Inventory reduction from 33 days to 22.4 days ",,,,,,,,,,,,,,,,,,,,,,,,,,,,,,,,,,,,,,,,,,,,,,,,,,,
 Paper 12 , Value Stream Mapping as a Tool to Identify the Opportunities for Various Lean Techniques: An Auto Industry Case Study ,VSM , Used alone ," 22% reduction in processing time, 33.7% reduction in lead time, 17.6% increase in value added ratio, 50% reduction in inventory ", India ,India,Asia, Automotive industry ,Automotive,2014," Processing time: 22% reduction, Lead time: 33.7% reduction, Value added ratio: 17.6% increase, Inventory: 50% reduction ", ,,,,,,,,,,,,,,,,,,,,,,,,,,,,,,,,,,,,,,,,,,,,,,,,,,
 Paper 291 , Application of Value Stream Mapping for Reduction of Cycle Time in a Machining Process ,VSM , Used alone , - Improved efficiency of operations by eliminating and reducing wastes<br>- Enhanced production processes<br>- Boosted job satisfaction of employees<br>- Reduced manufacturing lead time by 40%<br>- Decreased defects<br>- Achieved higher process capability<br>- Enabled quick response to customer demand in small lots , South India ,India,Asia, Automotive manufacturing ,Automotive,2014, - Manufacturing lead time: 40% reduction<br>- Defects: Decreased (specific rate not mentioned)<br>- Process capability: Higher achievement (specific rate not mentioned) , ,,,,,,,,,,,,,,,,,,,,,,,,,,,,,,,,,,,,,,,,,,,,,,,,,,
 Paper 5 , Process Planning Through Value Stream Mapping In Foundry ,VSM , Used alone ," Minimization of cycle time and increase in productivity, identification and analysis of wastage affecting the cycle time, development of a future state value stream map "," A casting industry in Coimbatore, India ",India,Asia, Manufacturing of Horn end other products like Castings and Industrial Cleaning Machines ,Horn end other products ,2014, Not mentioned ,,,,,,,,,,,,,,,,,,,,,,,,,,,,,,,,,,,,,,,,,,,,,,,,,,,
 Paper 4 , Parametric Value Stream Mapping Framework: A Case Study of a Small Swedish Industrialized House-Building Supplier ,VSM , Used in combination with parametric design ," Helped the company to stop current development and suggest valuable product attributes, enhanced application of VSM  ", Sweden ,Sweden,Europe, Industrialized house-building ,House-building ,2014, Not explicitly stated ,,,,,,,,,,,,,,,,,,,,,,,,,,,,,,,,,,,,,,,,,,,,,,,,,,,
 Paper 8 , The Effectiveness ofVSM as an Improvement Tool for the Manufacturing Operation ,VSM , Standalone , - Identified waste and proposed solutions for problems<br>- Reduced lead time by half<br>- Increased value added ratio drastically<br>- Improved cycle time by minimizing handling time ," Universiti Kuala Lumpur Malaysian Spanish Institute, Kulim Hi-Tech Park, Kedah, Malaysia ",Malaysia,Asia, Manufacturing ,Manufacturing,2014, - Lead time: 50% reduction<br>- Value added ratio: Drastic increase<br>- Cycle time: Improvement by minimizing handling time (exact rate not mentioned) ,,,,,,,,,,,,,,,,,,,,,,,,,,,,,,,,,,,,,,,,,,,,,,,,,,,
 Paper 6 , Product and Process Improvement Using Simulation Based Value Stream Mapping: An Case Study ,VSM , Not explicitly mentioned if used in combination with other methods ," - Reduction in lead time, cycle time, and inventory level<br>- Even small companies can make significant improvements by adopting VSM  technology<br>- In the case study, the manufacturing lead time was reduced from 36.86 days to 34.06 days "," Muthayammal College of Engineering, Rasipuram, Tamilnadu, India ",India,Asia, Not specified ,Not,2014, - Lead time reduction: 36.86 days to 34.06 days (a decrease of approximately 7.6%)<br>- Improvement rate for cycle time and inventory level not explicitly mentioned , ,,,,,,,,,,,,,,,,,,,,,,,,,,,,,,,,,,,,,,,,,,,,,,,,,,
 Paper 41 , Value Stream Mapping to Improve Value Ratio of Subcontracting Process in a Pressure Vessel Manufacturing Facility (A Case Study) ,VSM , Used alone , - Significant reduction in total lead time of subcontract inventory<br>- Easier material and information flow<br>- Faster inventory turnover<br>- Reduction in unnecessary waiting time and overproduction , Pressure vessel manufacturing facility in India ,India,Asia, Air compressor manufacturing ,Air compressor,2015, - Value ratio improvement of 67% for dish ends and 100% for shells , ,,,,,,,,,,,,,,,,,,,,,,,,,,,,,,,,,,,,,,,,,,,,,,,,,,
 Paper 26 , Case study on identification and elimination of waste through lean implementation in an automotive part manufacturing industry ,VSM , Standalone (not explicitly mentioned) ," - Reduction of throughput time from 250 hours to 109 hours (56% reduction)<br>- Elimination of queuing inventory for left-hand crankshaft (CS041)<br>- Continuous flow of the component achieved by suggested layout modification<br>- Inventory size reduction of CS041 between crank pin bore, face milling operation up to Induction hardening operation<br>- Achievement of FIFO material flow using reports generated by the SCM software for procurement plan, production plan, and shop floor scheduling<br>- Reduction in work-in-progress (WIP) inventory "," Not explicitly mentioned, but it is a case study on an automotive part manufacturing industry ",-,-, Automotive part manufacturing ,Automotive,2015," - 56% reduction in throughput time<br>- Not explicitly mentioned for other KPIs (inventory reduction, WIP reduction), but improvements are implied ", ,,,,,,,,,,,,,,,,,,,,,,,,,,,,,,,,,,,,,,,,,,,,,,,,,,
 Paper 30 , Improvement of Process Cycle Efficiency by Implementing a Lean Practice: A Case Study ,VSM , Used alone ," - Reduction in cycle time and setup time<br>- Elimination of final inspection process<br>- Reduction in bottleneck time, waiting time, material handling time<br>- Increase in cycle efficiency from 4% to 6-7%<br>- Potential cost savings of 6-7% ", V.M. Auto Parts Pvt. Ltd. ,India,Asia, Small scale production industry ,Automotive,2015, - Cycle Efficiency: Increase from 4% to 6-7%<br>- Cost Savings: Potential reduction of 6-7%<br>- Lead Time: Reduction from 43.2 days to around 4 days (not explicitly stated)<br>- Takt Time: Reduction from 3.15 min to around 2 min (not explicitly stated) , ,,,,,,,,,,,,,,,,,,,,,,,,,,,,,,,,,,,,,,,,,,,,,,,,,,
 Paper 16 , An Application of Value Stream Mapping in Ceramic Tile Industry: A Case Study ,VSM , Used alone ," - Identified and reduced waste in the manufacturing process by 26%<br>- Decreased unnecessary inventory by 8.33%<br>- Reduced working time of the color-mixing department by 21.57%<br>- Enhanced flexibility, causing 2.67% shorter lead time<br>- Improved value-added ratio by 2.70%<br>- Increased frequent product delivery and profits ", A ceramic tile manufacturing company in Thailand ,Thailand,Asia, Ceramic industry ,Ceramic,2015," - Lead Time: 2.67% reduction<br>- Value-Added Ratio: 2.70% increase<br>- Frequent Product Delivery: Not explicitly stated, but implied as a result of process improvements ", ,,,,,,,,,,,,,,,,,,,,,,,,,,,,,,,,,,,,,,,,,,,,,,,,,,
 Paper 23 , Application of Value Stream Mapping for Lead Time Reduction and Inventory Control ,VSM , Standalone , - Large amount of waste removal<br>- Reduction of production lead time by 3 days and 4.2 hours<br>- Control of WIP inventory to fewer than 66% ," A compressor and motor manufacturing industry located at Satara, India ",India,Asia, Manufacturing ,Compressor and motor,2015, - Reduction of order lead time from 5 days to 2 days<br>- Continuous flow installation between all operation stations of production line resulting in 66% reduced WIP inventory , ,,,,,,,,,,,,,,,,,,,,,,,,,,,,,,,,,,,,,,,,,,,,,,,,,,
 Paper 40 , Value Stream Mapping in Glide Manufacturing: A Case Study of Insti-Tools in Zimbabwe ,VSM , Used alone , - Identification of waste in the production process<br>- Reduction of lead time by 60.88%<br>- Decrease in processing time by 4%<br>- Reduction in manpower by 25% ," Harare Institute of Technology (HIT), Harare, Zimbabwe ",Zimbabwe,Africa, Manufacturing (glide production) ,Glide,2015, - Lead time: 60.88% reduction<br>- Processing time: 4% reduction<br>- Manpower: 25% reduction , ,,,,,,,,,,,,,,,,,,,,,,,,,,,,,,,,,,,,,,,,,,,,,,,,,,
Paper 37,VSM  每 A Case Study in Orthopedic Hospital,VSM ,VSM  used alone,"Elimination of waste, increased productivity, flexibility, smoothness, and high-quality service","Orthopedic Hospital, Nagpur",India,Asia,Healthcare,Healthcare,2015,Not explicitly stated in the document,,,,,,,,,,,,,,,,,,,,,,,,,,,,,,,,,,,,,,,,,,,,,,,,,,,
 Paper 27 , Enhanced Value Stream Mapping: Potentials and Feasibility of IT Support through Manufacturing Execution Systems ,VSM , Combination with Manufacturing Execution Systems (MES) ," - Improved data collection and analysis for VSM <br>- Enhanced ability to view historical data, such as inventory levels and energy consumption, to support sustainability efforts<br>- Increased efficiency and effectiveness of VSM  through the use of real-time data and automation ", The case study was conducted at the Center for Industrial Productivity (CiP) at the Technische Universit?t Darmstadt in Germany ,Germany,Europe, Manufacturing ,Manufacturing,2015," Not provided, but mentioned improvements in lead time, productivity, work in progress levels, and flexibility regarding volume and variants ", ,,,,,,,,,,,,,,,,,,,,,,,,,,,,,,,,,,,,,,,,,,,,,,,,,,
 Paper 29 , Implementing Lean in a Small to Medium-Sized Enterprise: A Case Study ,VSM , Combination with 5S methodology , - Identified areas of waste and inefficiency in the production process<br>- Improved lead times and reduced work-in-progress (WIP)<br>- Enhanced overall productivity and resource efficiency , A small to medium-sized manufacturing enterprise producing a specific product family ,-,-, Manufacturing ,Manufacturing,2015," Not provided, but potential reduction in cycle times, lead times, and decreased WIP levels ",,,,,,,,,,,,,,,,,,,,,,,,,,,,,,,,,,,,,,,,,,,,,,,,,,,
 Paper 39 , Value Stream Mapping: Case Study on Residential Construction Sector ,VSM , Used alone , - Identification of production and environmental waste in the value stream<br>- Improved material and information flow<br>- Recommendations for establishing an implementation plan to produce future plans ," Warhol, Pune, India ",India,Asia, Residential Construction ,Residential construction,2015," Not provided, but the use of VSM  led to the detection of waste and inefficiencies in the value stream, paving the way for future improvements. ",,,,,,,,,,,,,,,,,,,,,,,,,,,,,,,,,,,,,,,,,,,,,,,,,,,
 Paper 18 , Applicability of lean towards improved efficiency in sample processes 每 A case study of a Swedish branded retailer ,VSM ," Yes, used in combination with other methods such as interviews, observations, and document analysis "," Identification of non-value adding activities, improved efficiency in the sample process, and potential for increased customer satisfaction ", Sweden ,Sweden,Europe, Branded retailer in the textile industry ,Textile,2015, Not explicitly mentioned in the provided document , ,,,,,,,,,,,,,,,,,,,,,,,,,,,,,,,,,,,,,,,,,,,,,,,,,,
 Paper 74 , Making the value flow: application of value stream mapping in a Brazilian public healthcare organisation ,VSM , Not specified ," - Reduction of wastes, inventory levels, and production lead times in the hospital sterilisation unit ", Unnamed Brazilian public healthcare organisation ,Brazil,South America, Public healthcare , Public healthcare ,2016, Not specified , ,,,,,,,,,,,,,,,,,,,,,,,,,,,,,,,,,,,,,,,,,,,,,,,,,,
 Paper 65 ," Elimination of Wastes in Pasta manufacturing using Value Stream Mapping Techniques: a case study of Golden Pasta Company, Lagos ",VSM , Used alone ," - Reduction in production lead time from 1.43 days to 5.04 hours<br>- Decrease in waste by 85.3%<br>- Potential cost savings of N42,188,880 yearly "," Golden Pasta Company, Lagos, Nigeria (a subsidiary of Flour Mills of Nigeria) ",Nigeria,Africa, Food manufacturing industry ,Food,2016, - Production lead time (PLT): Decreased by 85.3%<br>- Cycle time (CT): Decreased by 42.2%<br>- Overall Equipment Efficiency (OEE): Increased by 40%<br>- Number of breakdowns: Reduced from 390 per month to 10 per month<br>- Material cost: Decreased by 49.7%<br>- Maintenance cost: Decreased by 61.6%<br>- Power (Energy) cost: Decreased by 12.5%<br>- Labour cost: Decreased by 51.1% , ,,,,,,,,,,,,,,,,,,,,,,,,,,,,,,,,,,,,,,,,,,,,,,,,,,
 Paper 19 , Application of Lean Manufacturing Concepts to Reduce Manufacturing Lead Times within the Meatball Production Process ,VSM , Used in combination with other Lean Manufacturing concepts and Design of Experiment technique , - Reduction of manufacturing lead times by up to 65.8%<br>- Decrease in time taken for cooling meatballs from 16 hours to 4.5 hours<br>- Improvement in process efficiency and reduction of waste ," Chiang Mai, Thailand ",Thailand,Asia, Food processing industry (meatball production) ,Food processing,2016, - Time taken for value-added activities dropped from 796.5 minutes to 341.5 minutes<br>- Time taken for non-value added activities decreased from 252.3 to 12.3 minutes<br>- Process times for temperature reduction step dropped from 967.7 minutes to 272.7 minutes<br>- Time taken for value-added activities during temperature reduction decreased from 725 minutes to 270 minutes<br>- Time taken for non-value added activities during temperature reduction decreased from 242.7 minutes to 2.7 minutes , ,,,,,,,,,,,,,,,,,,,,,,,,,,,,,,,,,,,,,,,,,,,,,,,,,,
Paper 42,Application of value stream mapping in a forging industry 每 A case study,VSM ,VSM  alone,Reduced production lead time from 14.9 days to 9.5 days,A forging industry,-,-,Manufacturing,Forging,2016,36.24% reduction in production lead time,,,,,,,,,,,,,,,,,,,,,,,,,,,,,,,,,,,,,,,,,,,,,,,,,,,
 Paper 53,Use of Lean Management Philosophy in Health Sector: A VSM  Based Case Study,VSM ,VSM  used alone,"Identification and elimination of waste, improvement of productivity, reduction of time wastage for patients",A cardiology clinic,-,-,Healthcare,Healthcare,2016,N/A,,,,,,,,,,,,,,,,,,,,,,,,,,,,,,,,,,,,,,,,,,,,,,,,,,,
 Paper 49 , Improving IT process management through value stream mapping approach: a case study ,VSM , Used alone , - 89.7% reduction in lead time at planning phase<br>- 96.2% reduction at execution phase<br>- Almost 98% reduction at QA and handover process<br>- 92.2% reduction in overall lead time for GDBA database provision process<br>- Meets expected database delivery within 3 days , Not specified ,-,-, IT services ,IT services,2016, - Lead time at planning phase: 89.7% reduction<br>- Execution phase: 96.2% reduction<br>- QA and handover process: Almost 98% reduction<br>- Overall lead time for GDBA database provision process: 92.2% reduction , ,,,,,,,,,,,,,,,,,,,,,,,,,,,,,,,,,,,,,,,,,,,,,,,,,,
 Paper 48,Implementation of Lean Knowledge Work in Oil and Gas Industry 每 A Case Study from a Risk-Based Inspection Project,VSM ,VSM  used alone,- Identification and elimination of waste in an RBI assessment project?<br>?- Improved process efficiency,O&G onshore facilities in Australia,Australia,Australia,Oil and Gas,Oil and gas,2016,Not specified in the document,,,,,,,,,,,,,,,,,,,,,,,,,,,,,,,,,,,,,,,,,,,,,,,,,,,
 Paper 56 , Value Stream Mapping as a Tool for Lean Manufacturing Implementation - A Review ,VSM , VSM  used alone ," Identification and elimination of waste and non-value added activities (NVAs), Improvement of productivity and efficiency, Reduction of lead time and cycle time, Enhanced customer satisfaction and value addition "," Various international researches, including manufacturing and service sectors ",-,-, - ,Various,2016," Varies by case study, but notable improvements include: Reduction in lead time: 41.23%, Reduction in processing time: 15.43%, Reduction in production lead time: 30.68%, Improvement in throughput: 46.5%, Reduction in defect rate: 96%, Increase in uptime: 1.72% ", ,,,,,,,,,,,,,,,,,,,,,,,,,,,,,,,,,,,,,,,,,,,,,,,,,,
Paper 34,Optimizing Shipyard Interim Product Assembly Using a Value Stream Mapping Methodology,VSM ,VSM alone,"Up to 50% improvement in production line. The resulting improvements can be up to 700%
improvement in decreasing man-hours and 300% improvement
in duration time",,Croatia,Europe,Shipbuidling,shipbuidling,2016,The future value stream map has improvements of up to 50 percent,,,,,,,,,,,,,,,,,,,,,,,,,,,,,,,,,,,,,,,,,,,,,,,,,,,
 Paper 95 , Value Stream Mapping On Gear Manufacturing Company ,VSM , VSM  was used alone , - Reduction in lead time from 32 days 7 hours to 17 days 3 hours<br>- Reduction in inventory<br>- Continuous flow of materials<br>- Reduced stock levels<br>- Reduction in inventory cost , Gear manufacturing company ,-,-, Manufacturing , Gear ,2017, - Lead time reduced by 46.25%<br>- Inventory reduced by 6 days and 8 hours<br>- Stock levels reduced from 4 days to 2 days and 8 hours , ,,,,,,,,,,,,,,,,,,,,,,,,,,,,,,,,,,,,,,,,,,,,,,,,,,
 Paper 85 , Review of Lean Manufacturing Implementation: Case of Junction Box Post Processing Phase ,VSM , (Not specified if used alone or in combination) ," Reduction in lead time and change over time, decrease in human effort in the factory by over 50%, flexible manufacturing techniques ", (Not specified) ,-,-, Junction Box Post Processing Phase , Junction Box Post Processing Phase ,2017, (Improvement rate for KPIs not specified) , ,,,,,,,,,,,,,,,,,,,,,,,,,,,,,,,,,,,,,,,,,,,,,,,,,,
 Paper 67 , Evaluating lean thinking using value stream mapping in manufacturing industry 每 a case study ,VSM , Used alone , - Reduction of processing time from 172 minutes to 164 minutes (4.65%)<br>- Reduction of lead time from 694 minutes to 536 minutes (22.76%)<br>- Reduction of work in progress inventory from 112 to 104 (7.14%)<br>- Reduction of workforce from 31 to 27 (16.13%) ," Ludhiana, Punjab, India ",India,Asia, Casting product manufacturing ,Casting products,2017," - Cycle time reduction: 3 minutes (20%) for unmoulding process<br>- Cycle time reduction: 4 minutes for painting process<br>- New cycle time of operation: 9 minutes instead of 12 minutes for unmoulding process<br>- New cycle time of operation: 10 minutes instead of 14 minutes for painting process<br>- Annual profit increase: 357,000 rupees ", ,,,,,,,,,,,,,,,,,,,,,,,,,,,,,,,,,,,,,,,,,,,,,,,,,,
 Paper 75 , Minimizing Waste Using Lean Manufacturing: A Case in Cement Production ,VSM ," VSM  in combination with Waste Assessment Questionnaire (WAQ), Failure Mode and Effect Analysis (FMEA), and Cause and Effect Diagram ", - Identification and minimization of waste in the cement production process<br>- Improvement of production process performance<br>- Increase in company's competitiveness ," Cement manufacturing company located in Padang, Indonesia ",Indonesia,Asia, Cement industry ,Cement,2017, Not specified , ,,,,,,,,,,,,,,,,,,,,,,,,,,,,,,,,,,,,,,,,,,,,,,,,,,
 Paper 87 , The Concept of Value Stream Mapping to Reduce of Work-Time Waste as Applied the Smart Construction Management ,VSM , Used alone ," Identification of work-time waste factors in construction projects, recommendation for decision-making to reduce work-time waste, improved efficiency and sustainability in construction management ", Indonesia ,Indonesia,Asia, Construction industry ,Construction,2017, Average 14.88% of working time was classified as waste ,,,,,,,,,,,,,,,,,,,,,,,,,,,,,,,,,,,,,,,,,,,,,,,,,,,
 Paper 69 , Exploring the Impact of Lean Manufacturing on Flexibility in SMEs ,VSM , Used in combination with computer simulation and a case-study research approach , - Improved manufacturing flexibility<br>- Reduced costs<br>- Increased productivity<br>- Enhanced product quality ," A Small-Medium Enterprise producing decorated glass items, referred to as ALFA ",-,-, Manufacturing (decorated glass items) ,Decorated glass items,2017, - Cycle Time: Decreased from 611 min to 470 min (23.1% reduction)<br>- Change Over Time: Decreased from 49 min to 25 min (49.0% reduction)<br>- WIP Inventory: Decreased from 751 to 539 (28.0% reduction)<br>- Resources Utilization: Increased from 61.0% to 61.8% (0.8% increase) ,,,,,,,,,,,,,,,,,,,,,,,,,,,,,,,,,,,,,,,,,,,,,,,,,,,
 Paper 104 , Cleaner Production Implementation in an E-Waste Recovery Plant by Using the Value Stream Mapping ,VSM ," VSM  was used in combination with Lean Manufacturing tools and the Guidelines for Green Industry Auditor, 2014 "," - Improved environmental, economic, and societal performance of the e-waste recovery process<br>- Enhanced visualization of environmental and societal metrics in addition to the general VSM  metrics<br>- Better identification and elimination of environmental wastes, leading to improved process efficiency and sustainability "," Local e-Waste Recovery Plant, ABC Sdn. Bhd., Malaysia ",Malaysia,Asia, Electronic waste recovery and recycling ,Electronic,2017, Not provided , ,,,,,,,,,,,,,,,,,,,,,,,,,,,,,,,,,,,,,,,,,,,,,,,,,,
 Paper 77 , Operational Practices of Lean Manufacturing: Potentiating Environmental Improvements ,VSM ," Used in combination with Kaizen, PDCA, Ishikawa Diagram, Poka-Yoke, and Standardized Work "," Reduction of energy consumption by 21%, reduction of water consumption by 21%, and an annual cost reduction of US $ 17,900.00 ", Electronics industry company in Brazil ,Brazil,South America, Electronics manufacturing ,Electronics,2017," Reduction of energy consumption by 21%, reduction of water consumption by 21% ", ,,,,,,,,,,,,,,,,,,,,,,,,,,,,,,,,,,,,,,,,,,,,,,,,,,
 Paper 96,Value Stream Mapping in a Discrete Manufacturing: A Case Study,VSM ,VSM  used alone,- Broad view of the entire flow?<br>?- Identification of wastes?<br>?- Lead time reduction by 59%?<br>?- Improvement in VA/NVA ratio by 138%?<br>?- Reduction in inventory by 61%,Discrete manufacturing organization,-,-,Not specified,Not,2017,Lead time: 59% reduction?<br>?VA/NVA ratio: 138% improvement?<br>?Inventory: 61% reduction,,,,,,,,,,,,,,,,,,,,,,,,,,,,,,,,,,,,,,,,,,,,,,,,,,,
 Paper 94 , Value Stream Mapping as Lean Production tool to improve the production process organization 每 case study in packaging manufacturing ,VSM , Used alone ," Shortening of process time, Reduction in total time of operations adding value, Decrease in number of non-compliant products ", One of the largest producers of cardboard food packaging in Poland ,Poland,Europe, Packaging manufacturing ,Packaging,2017," Total material flow time reduced from 38 minutes and 55 seconds to 24 minutes and 8 seconds, Sum of adding values operation times reduced from 19 minutes and 10 seconds to 17 minutes and 20 seconds, Share of non-compliant products minimized ",,,,,,,,,,,,,,,,,,,,,,,,,,,,,,,,,,,,,,,,,,,,,,,,,,,
 Paper 63 , Case Study: Maintenance Proposal of Press Parts Production for Minimize Waste by Lean Manufacturing 每VSM ,VSM , Used alone , - Reduction in lead time by 54%<br>- Decrease in non-value added time activity<br>- More efficient use of resources ," Enterprise T, a manufacturing company in Indonesia ",Indonesia,Asia, Press parts production ,Press parts,2017, 54% reduction in lead time , ,,,,,,,,,,,,,,,,,,,,,,,,,,,,,,,,,,,,,,,,,,,,,,,,,,
Paper 43,Value Stream Mapping of Rope Manufacturing: A Case Study,VSM ,VSM  used alone,"Reduced processing time by 68%, waiting time by 88%, and material handling time by 33%. Total time required for the manufacturing process was reduced by 75%.",University of Louisiana at Lafayette,United States,North America,Rope Manufacturing,Rope,2017,75% reduction in total manufacturing time,,,,,,,,,,,,,,,,,,,,,,,,,,,,,,,,,,,,,,,,,,,,,,,,,,,
 Paper 97 , Value Stream Mapping of Rope Manufacturing: A Case Study ,VSM , VSM  was used in combination with Lean manufacturing principles , - Improved process efficiency<br>- Shorter wait times<br>- More efficient process flow<br>- Faster delivery of orders to customers ," Lafayette, LA, USA ",United States,North America, Rope Manufacturing ,Rope,2017, - Total time from order placement to shipping reduced from 36 days to 9 days (75% improvement)<br>- Processing time in receiving order stage reduced by 68%<br>- Waiting time in receiving order stage reduced by 88%<br>- Material handling time reduced by 33% , ,,,,,,,,,,,,,,,,,,,,,,,,,,,,,,,,,,,,,,,,,,,,,,,,,,
 Paper 51 , The First Steps Towards Lean Transformation: A Case Study of a Small Thermal Insulation Panels Company ,VSM , Used alone , - Reduction of lead time by more than 18%<br>- Reduction of time for adding value to the product by over 76%<br>- Reduction of Work in Progress (WIP) by over 66% ," A small thermal insulation panels company in the Greater S?o Paulo region, Brazil ",Brazil,South America, Manufacturing ,Thermal insulation panels ,2017, - Lead time: 18% reduction<br>- Time for adding value: 76% reduction<br>- WIP: 66% reduction , ,,,,,,,,,,,,,,,,,,,,,,,,,,,,,,,,,,,,,,,,,,,,,,,,,,
 Paper 62 ," Application of Value Stream Mapping on The Goodyear Aftermarket Customer Satisfaction Process in Europe, Middle East, and Africa (EMEA) ",VSM , Used alone , - Improved process visibility<br>- Enhanced decision-making<br>- Focused on systems thinking , Goodyear Innovation Center Luxembourg (GICL) ,Luxembourg,Europe, Tire manufacturing ,Tire,2017, Not explicitly mentioned , ,,,,,,,,,,,,,,,,,,,,,,,,,,,,,,,,,,,,,,,,,,,,,,,,,,
 Paper 105 , Divergence between Value Stream Mapping Western Understanding and Material and Information Flow Chart Principles: A Japanese Automotive Supplier's Perspective ,VSM ," Not explicitly stated, but the focus is on VSM  and its comparison with Material and Information Flow Chart (MIFC) principles ", - Provides a different perspective on VSM  based on the core knowledge of a Japanese supplier that learned the principles directly from the source<br>- Enables organizations to reevaluate their current measurement systems and choose more suitable ones , Japan ,Japan,Asia, Automotive supplier ,Automotive,2018, Not specified ,,,,,,,,,,,,,,,,,,,,,,,,,,,,,,,,,,,,,,,,,,,,,,,,,,,
 Paper 115,Improvement in Productivity of Leaf Spring Manufacturing Through Value Stream Mapping: A Case Study,VSM ,VSM  used alone,"Elimination of wastages, reduction in lead time, and improvement in productivity",Leaf spring manufacturing company,-,-,Automobile suspension manufacturing,Automotive,2018,Production costs decreased from 96.5lac to 96.1lac,,,,,,,,,,,,,,,,,,,,,,,,,,,,,,,,,,,,,,,,,,,,,,,,,,,
 Paper 102,The Impact of Value Stream Mapping in Business Process Improvement,VSM ,VSM  used alone,"Increased business process performance, reduced Cycle Time, Lead Time, and inventory levels, improved product quality, and enhanced customer satisfaction",Czech Republic,Czech Republic,Europe,Manufacturing and service sectors,Manufacturing and service sectors,2018,Various improvement rates depending on the case study,,,,,,,,,,,,,,,,,,,,,,,,,,,,,,,,,,,,,,,,,,,,,,,,,,,
 Paper 73 , Implementation of Lean Manufacturing and Lean Audit System in an Auto Parts Manufacturing Industry 每 An Industrial Case Study ,VSM , VSM  in combination with Kaizen and Total Productive Maintenance (TPM) , - Improved productivity and defect reduction in the foundry division<br>- Enhanced customer satisfaction by reducing lead time and improving product quality , Foundry division of an auto parts manufacturing industry in India ,India,Asia, Automotive ,Automotive,2018," - Average core rejections reduced from 6.59% to 4.57%, a reduction of 2.02%<br>- Cost savings of Rs 2332.80 in the new system<br>- Consolidated gain of Rs 28836 for six months periods for ten machines ", ,,,,,,,,,,,,,,,,,,,,,,,,,,,,,,,,,,,,,,,,,,,,,,,,,,
 Paper 116 , Improving Material Flow and Handling in a Manufacturing Company ,VSM , VSM  used alone ," Improved material flow and handling, increased productivity and efficiency, better ergonomics "," LEAX Skaraborg AB, Sweden ",Sweden,Europe, Manufacturing ,Manufacturing,2018," Manual material handling time reduced by 9%, movement of material reduced, lifting activities eliminated ", ,,,,,,,,,,,,,,,,,,,,,,,,,,,,,,,,,,,,,,,,,,,,,,,,,,
 Paper 140 , Application of Lean Manufacturing in the Painting Plant Manufacturing Process by Reducing Waste Waiting - A Case Study at PT.Koba Multi Indonesia ,VSM , Used alone , - Identification and elimination of non-value-added activities <br> - Increase in productivity and efficiency <br> - Reduction of waste and delays <br> - Improvement of product quality and customer satisfaction ," PT. Koba Multi Indonesia, Tangerang Districts, Banten, Indonesia ",Indonesia,Asia, Manufacturing (Fabrication and Services) ,Fabrication and Services,2019, Not specified , ,,,,,,,,,,,,,,,,,,,,,,,,,,,,,,,,,,,,,,,,,,,,,,,,,,
 Paper 167 ,VSM Basic Training to Increase Industrial Productivity ,VSM , VSM  used alone ," Identification and elimination of waste in the production process, Improvement of material and information flow, Enhancement of company performance, Increase in productivity ", Not specified ,-,-, Manufacturing Industry ,Manufacturing,2019, Not specified , ,,,,,,,,,,,,,,,,,,,,,,,,,,,,,,,,,,,,,,,,,,,,,,,,,,
 Paper 60 , An Application of Lean Manufacturing Techniques in Paint Manufacturing Company: A Case Study ,VSM ," Combined use of VSM, 5S, SMED, and Kanban "," Decreased changeover time by 59%, Increased daily productivity, Reduced defects batches by 57%, Eliminated shortages of semi-finish product, Increased output of pre-weighing batches by 57%, Reduced overtime hours by 77%, Reduced waste handling by 85% and 53% for non-hazardous and hazardous waste respectively ", A paint manufacturing company in Saudi Arabia ,Saudi Arabia,Asia, Paint manufacturing ,Paint,2019, Not specified , ,,,,,,,,,,,,,,,,,,,,,,,,,,,,,,,,,,,,,,,,,,,,,,,,,,
 Paper 160 , Manufacturing Efficiency Improvement Through Lean Manufacturing Approach: A Case Study in A Steel Processing Industry ,VSM , VSM  used alone ," Identified production waste, proposed maintenance improvement program, increased manufacturing cycle efficiency from 68.08% to 71.3% (3.75%) ", Indonesia ,Indonesia,Asia, Steel production ,Steel,2019, Manufacturing cycle efficiency increased by 3.75% , ,,,,,,,,,,,,,,,,,,,,,,,,,,,,,,,,,,,,,,,,,,,,,,,,,,
 Paper 61 , Value Stream Mapping in the Automotive Industry: A Case Study ,VSM , Combined use of VSM  and Lean Six Sigma principles ," Improved lead time (reduction of 30%), Increased productivity (increase of 20%), Reduction of inventory levels (decrease of 25%), Enhanced customer satisfaction (improvement in delivery time and product quality) ", Automotive parts manufacturing plant in Portugal ,Portugal,Europe, Automotive industry ,Automotive,2021," Lead time (30% reduction), productivity (20% increase), inventory levels (25% decrease), and customer satisfaction (improvement in delivery time and product quality) ",,,,,,,,,,,,,,,,,,,,,,,,,,,,,,,,,,,,,,,,,,,,,,,,,,,
 Paper 1 , Value Stream Mapping for Supply Chain Optimization in the Aerospace Industry ,VSM , Used in combination with Lean Thinking principles and the Manufacturing System Framework ," Identification of waste, reduction of lead time, and improvement of overall system performance "," Heidelberg Web Systems, Inc. ",-,-, Aerospace Manufacturing ,Aerospace,2022," Lead time reduction: 40%, Inventory reduction: 30%, Overall equipment effectiveness (OEE) improvement: 25% ",,,,,,,,,,,,,,,,,,,,,,,,,,,,,,,,,,,,,,,,,,,,,,,,,,,
 Paper 263 , The workers' perspective: emotional consequences during a lean manufacturing change based on VSM  analysis ,VSM , Not specified , - Improved worker productivity and work performance ," Barcelona, Spain ",Spain,Europe, Manufacture of equipment for domestic and industrial use ,Equipment for domestic and industrial use ,2022, Not explicitly stated , ,,,,,,,,,,,,,,,,,,,,,,,,,,,,,,,,,,,,,,,,,,,,,,,,,,
 Paper 247 , Development of Sustainable Production System using Value Stream Mapping: A Case Study ,VSM , Not specified , - 7.87% reduction in total manufacturing time<br>- 7% reduction in number of employees<br>- 57% reduction in component wastes<br>- 60% reduction in poor quality products<br>- 18% reduction in average processing time<br>- 10% increase in finished products , Unnamed company in Serbia ,Serbia,Europe, Plastic processing ,Plastic,2022, - Total manufacturing time: 7.87% reduction<br>- Number of employees: 7% reduction<br>- Component wastes: 57% reduction<br>- Poor quality products: 60% reduction<br>- Average processing time: 18% reduction<br>- Finished products: 10% increase , ,,,,,,,,,,,,,,,,,,,,,,,,,,,,,,,,,,,,,,,,,,,,,,,,,,
 Paper 259 , Modular Data and Calculation Framework for a Technology-Based Mapping of the Manufacturing Process According to the Value Stream Management Approach ,VSM , VSM  used in combination with digital data sources and technology-based mapping , - Improved data gathering and structuring<br>- Enhanced flexibility in dynamic environments<br>- Reduction of manual efforts and time consumption ," Magdeburg-Stendal University of Applied Sciences, Germany ",Germany,Europe, Not mentioned ,Not,2023, Not mentioned , ,,,,,,,,,,,,,,,,,,,,,,,,,,,,,,,,,,,,,,,,,,,,,,,,,,
 Paper 296 , Improving Product Development Processes through Value Stream Mapping ,VSM , In combination with Root-Cause Analysis Diagram and other lean tools , - Identification and quantification of waste in product development processes<br>- Development of a process for measuring waste with waste indicators and value stream mapping<br>- Application of the developed tools and processes to three industrial case studies<br>- Identification of typical root-causes for waste , Two companies in the product development sector ,-,-, Not provided ,Not,2023," - Time per one occurrence of rework exponentially increases as time spent on the project increases<br>- In one of the investigated projects, information got rotten at the rate of 6% a month, indicating that information inventoried for a month causes additional engineering work by 6% ", ,,,,,,,,,,,,,,,,,,,,,,,,,,,,,,,,,,,,,,,,,,,,,,,,,,
 Paper 45,Business Process Analysis in Hybrid Service and Manufacturing SMEs,VSM      and   ,VSM  used in combination with Organizational Information Processing Theory (OIPT),"Identification of areas of waste and improvement opportunities, leaner business processes",Not specified,-,-,Hybrid service and manufacturing,Hybrid,2021,Not specified,,,,,,,,,,,,,,,,,,,,,,,,,,,,,,,,,,,,,,,,,,,,,,,,,,,
 Paper 14 , A framework for VSM  integrated with Fuzzy QFD ,VSM  and Fuzzy Quality Function Deployment (Fuzzy QFD) , Used in combination with Fuzzy QFD ," Enabled scientific mapping of wastes with improvement proposals, Enabled systematic implementation of improvement proposals, Resulted in a 4% reduction in cycle time ", Indian camshaft manufacturing organization ,India,Asia, Not provided ,,2015, 4% reduction in cycle time , ,,,,,,,,,,,,,,,,,,,,,,,,,,,,,,,,,,,,,,,,,,,,,,,,,,
Paper 107,"Evaluation of Value Stream Mapping Application in Pasta Manufacturing: A Case Study of Golden Pasta Company, Lagos",VSM  and various lean manufacturing techniques,"VSM  was used in combination with other lean manufacturing techniques such as 5S, Kanban pull system, Supermarket pull system, Single Minute Exchange of Die (SMED), Kaizen idea sheet, Lean implementation tracking sheet, and root-cause analysis","Reduced production lead time, increased customer satisfaction, and reduced production costs due to the elimination of non-value added activities and wastes in the manufacturing processes","Golden Pasta Company, Lagos, Nigeria",Nigeria,Africa,Food processing industry,,2018,"Reduction in production lead time from 34.4 hours to 5.04 hours (85.3% reduction), increase in customer satisfaction due to higher delivery time and reduced scraps, reduction in production costs due to the elimination of non-value added activities and wastes in the manufacturing processes. The study also found that 90% of manufacturing activities are non-value added and can be considered as waste, which can be eliminated through the application of lean manufacturing philosophy and techniques.",,,,,,,,,,,,,,,,,,,,,,,,,,,,,,,,,,,,,,,,,,,,,,,,,,,
 Paper 70,Lean Planning & Production Flow Analysis through Lean Techniques: A Steel Sector Case Study,VSM  used in combination with cyclic schedules,VSM  used in combination with cyclic schedules,"Reduction of waste and improvement of product quality, cost reduction, and process control",Steel industry,-,-,Manufacturing,,2017,Not specified in the provided document,,,,,,,,,,,,,,,,,,,,,,,,,,,,,,,,,,,,,,,,,,,,,,,,,,,
 Paper 103,Cellular and organisational team formations for effective Lean transformations,VSM  used in combination with Lean techniques,VSM  used in combination with Lean techniques,"Enhanced teamwork, improved communication, reduced waste, increased efficiency, and continuous improvement","University of South Africa, Pretoria, South Africa",South Africa,Africa,Discrete manufacturing,,2018,Not specified in the provided document,,,,,,,,,,,,,,,,,,,,,,,,,,,,,,,,,,,,,,,,,,,,,,,,,,,
 Paper 161 , Process Optimization Using Lean Manufacturing to Reduce Downtime: Case Study of A Manufacturing SME in Peru ,VSM and 5S principles , VSM  used in combination with 5S ," Reduction of downtime, improved process efficiency, enhanced quality and productivity, improved worker motivation ", Peru ,Peru,South America, Small-scale manufacturing , Small-scale manufacturing ,2019," 12% decrease in accident rate, 90 ppm to 5 ppm reduction in end customer rejections, 72% to 77% increase in 5S audit scores, 250 ppm to 40 ppm reduction in products damaged by operators ",,,,,,,,,,,,,,,,,,,,,,,,,,,,,,,,,,,,,,,,,,,,,,,,,,,
 Paper 20 , Application of Lean Manufacturing Using Simulation ,VSM and Computer Simulation , Used in combination , - Identification of areas for efficiency improvements in the production system<br>- Formulation of alternatives for improvement<br>- Proper evaluation of proposed solutions without interrupting actual production , Automotive components manufacturing company ,-,-, Not specified ,Not,2015," The study demonstrated the potential for significant improvements in productivity, but specific KPIs and improvement rates were not mentioned in the provided document. ",,,,,,,,,,,,,,,,,,,,,,,,,,,,,,,,,,,,,,,,,,,,,,,,,,,
 Paper 98 , An industrial case study on discrete event modelling of value stream mapping for Industry 4.0 ,VSM and Data Stream Mapping (DSM) , VSM  and DSM were combined , - Ability to stress test and plan the company's Industry 4.0 implementation strategy over time<br>- Revelation of the interdependent nature of workforce and technology necessitating simultaneous development to achieve optimal functionality , United Kingdom ,UK,Europe, Small to medium-sized enterprise (SME) in the manufacturing sector , Small to medium-sized enterprise (SME) ,2020, Not provided , ,,,,,,,,,,,,,,,,,,,,,,,,,,,,,,,,,,,,,,,,,,,,,,,,,,
 Paper 281 , Application of Simulation to Design and Operation of Steel Mill Devoted to Manufacture of Line Pipes ,"VSM and Discrete-event simulation combined with bottleneck analysis, work measurement, floor space requirements and facility layout analysis", VSM  used in combination with other methods ," Improved understanding of equipment and worker utilization, enhanced facility layout and material handling, better management of production schedule mix, downtime, and changeover times, enhanced decision-making for facility design and operation ", Not specified ,-,-, Steel manufacturing , Steel  ,2010, Not explicitly mentioned , ,,,,,,,,,,,,,,,,,,,,,,,,,,,,,,,,,,,,,,,,,,,,,,,,,,
 Paper 55 , Value Stream Mapping and Earned Value Analysis: A Case Study in the Paper Packaging Industry in Brazil ,VSM and Earned Value Analysis (EVA), Combined use of VSM  and EVA ," Better diagnosis of the situation, Opportunities for eliminating wastes and enhancing operations, Improved monitoring of involved costs, Potential production gains and quality improvement ", Brazil ,Brazil,South America, Paper packaging industry , Paper packaging  ,2013, Not specified , ,,,,,,,,,,,,,,,,,,,,,,,,,,,,,,,,,,,,,,,,,,,,,,,,,,
 Paper 44 , Cost Reduction through Waste Management in Auto Parts Industry: A Case Study ,VSM and Eliminate Combine Simplify Reduce (ECSR) technique , Used in combination with Eliminate Combine Simplify Reduce (ECSR) technique , - Reduction of 94.4% in material movement waste<br>- Reduction of 76.4% in Work in Process (WIP) inventory<br>- Reduction of 15.38% in workforce<br>- Monthly profit increase of Rs. 15738.4 , Unnamed auto parts industry in India ,India,Asia, Auto parts manufacturing ,Automotive,2016, Improvement rate for KPIs not explicitly stated , ,,,,,,,,,,,,,,,,,,,,,,,,,,,,,,,,,,,,,,,,,,,,,,,,,,
 Paper 35 , An integrated fuzzy-based decision support system for the selection of lean tools: A case study from the steel industry ,VSM and Fuzzy Analytical Hierarchy Process (AHP) , Used in combination with Fuzzy AHP , - Identification of waste and non-value adding activities in the manufacturing process<br>- Improvement of information and material flow<br>- Enhancement of overall supply chain effectiveness , Steel industry in the western part of India ,India,Asia, Manufacturing ,Steel ,2006," Not explicitly mentioned, but potential benefits such as reduction in cycle time, improved on-time deliveries, reduced costs, and increased flexibility are mentioned. ", ,,,,,,,,,,,,,,,,,,,,,,,,,,,,,,,,,,,,,,,,,,,,,,,,,,
Paper 109,"Implementation of Lean Manufacturing to Reduce Waste in Production Line with Value Stream Mapping Approach and Kaizen in Division Sanding Upright Piano, Case Study in: PT. X",VSM and Kaizen,VSM  was used in combination with Kaizen,Reduction in cycle time from 51.16 minutes to 41.90 minutes?<br>?Decrease in work in process or inventory from 32 pcs to 24 pcs?<br>?Lead-time reduction from 0.222 days to 0.167 days,"PT. X, a manufacturing company producing Upright Pianos and Grand Pianos",Indonesia,Asia,Musical instrument manufacturing,Musical instrument,2018,Cycle time improvement rate: approximately 14.16%?<br>?Work in process or inventory improvement rate: approximately 25%?<br>?Lead-time improvement rate: approximately 25%,,,,,,,,,,,,,,,,,,,,,,,,,,,,,,,,,,,,,,,,,,,,,,,,,,,
 Paper 264 , Transformer Production Improvement by Lean and MTM-2 Technique ,VSM and Lean Manufacturing , VSM  used in combination with ECRS technique , - Increased productivity by 97.11%<br>- Reduced production time by 73.04%<br>- Increased hourly output by 30% , Thailand ,Thailand,Asia, Electronic component production (transformer manufacturing) ,Electronic,2022, - Labor Productivity: +97.11%<br>- Production Time: -73.04%<br>- Output per Hour: +30% ,,,,,,,,,,,,,,,,,,,,,,,,,,,,,,,,,,,,,,,,,,,,,,,,,,,
 Paper 228 , Process improvement using value stream mapping and lean methodology: a case study application in batch chemical process industry ,VSM and Lean Methodology , VSM  used in combination with Lean Methodology ," Improved production efficiency, reduced production lead time, decreased production costs ", Indonesia ,Indonesia,Asia, Batch Chemical Manufacturing Company , Batch Chemical ,2021, Not explicitly stated ,,,,,,,,,,,,,,,,,,,,,,,,,,,,,,,,,,,,,,,,,,,,,,,,,,,
Paper 400,Analysis of the supply chain performance measurement system using the SCOR 12.0 and the value stream mapping method approach towards sustainability strategy (case study: power generation company in Indonesia),VSM and SCOR,VSM used in combination with SCOR 12.0,"Increased productivity, reduced costs, improved customer satisfaction",,Indonesia,Asia,Power generation,,2023,98.89% for KPI P-3,,,,,,,,,,,,,,,,,,,,,,,,,,,,,,,,,,,,,,,,,,,,,,,,,,,
 Paper 32 , Analyzing the Benefits of Lean Manufacturing and Value Stream Mapping Via Simulation ,VSM and Simulation , Used in combination with Simulation , - Identified waste and inefficiencies in the manufacturing process<br>- Increased production efficiency and reduced lead times<br>- Improved product quality and customer satisfaction<br>- Enhanced understanding of the production process and its bottlenecks , Not mentioned ,-,-, Manufacturing sector ,Manufacturing,2006, Not mentioned , ,,,,,,,,,,,,,,,,,,,,,,,,,,,,,,,,,,,,,,,,,,,,,,,,,,
 Paper 54 , Value Stream Mapping and Simulation for Lean Manufacturing: A Case Study in Furniture Industry ,VSM and Simulation , Used in combination with simulation techniques , - Improved production efficiency<br>- Reduced lead time<br>- Increased productivity ," Furniture manufacturing company in Denizli, Turkey ",Turkey,Asia, Furniture Industry ,Furniture,2016, - Lead time: 30% reduction<br>- Productivity: 20% increase ,,,,,,,,,,,,,,,,,,,,,,,,,,,,,,,,,,,,,,,,,,,,,,,,,,,
 Paper 28 , Flexible Lot Size for Kanban System to Reduce Material Overflow in Hard Disc Assembly Process ,VSM and simulation modeling , Combination with simulation modeling and lean manufacturing principles ," - Minimizing the overflow of incoming materials at the Compound/Kitting section by 87.3%<br>- Sustaining a smooth production flow between Warehouse, Compound/Kitting section, and Assembly line section using the JIT concept ", An electronic manufacturing company in Malaysia ,Malaysia,Asia, Hard disc manufacturing ,Hard disc,2015, - Overflow of incoming materials at the Compound/Kitting section was reduced by 87.3% , ,,,,,,,,,,,,,,,,,,,,,,,,,,,,,,,,,,,,,,,,,,,,,,,,,,
 Paper 59 , A VSM  and VSA Methodology for Performance Assessment of Complex Product Manufacturing Processes: An Industrial Case Study ,VSM and Value Stream Analysis (VSA) , Combined use of VSM  and VSA ," Enables visualization, performance assessment, and waste reduction in complex product manufacturing processes (CPMPs), Allows for modeling and implementing order-driven or pull manufacturing processes with just-in-time material arrivals, Incorporates a number arrays-based approach for comprehensive VSA when the value stream map becomes significantly large and complex, Illustrates the use of the suggested VSM -based generic methodology in a saw-blade sharpening machines manufacturing firm case study ", Saw-blade sharpening machines manufacturing ,-,-,Saw-blade sharpening machines,Saw-blade sharpening machines,2017, Lead time reduction: The calculated lead-time of the case study complex product (CP) was almost 323 days. Cycle times: All cycle times were smaller than takt time (TT) (i.e. 600 min). (specific numerical values for improvement rate not provided) , ,,,,,,,,,,,,,,,,,,,,,,,,,,,,,,,,,,,,,,,,,,,,,,,,,,
 Paper 11 , Value Stream Engineering 每 A case study of process optimization for the supply chain of window installation ,VSM and Value Stream Engineering (VSE) , Used in combination with Lean Production methods and concepts from the automotive industry , Optimization of the value chain in construction to achieve lower costs and shorter lead times without compromising on quality and individuality ," Bolzano, Italy ",Italy,Europe, Small and medium-sized enterprises (SMEs) in the construction industry ,Construction,2013, Not explicitly stated , ,,,,,,,,,,,,,,,,,,,,,,,,,,,,,,,,,,,,,,,,,,,,,,,,,,
 Paper 38 , Value Stream Mapping and Work Standardization as Tools for Lean Manufacturing Implementation: A Case Study of an Indian Manufacturing Industry ,VSM and Work Standardization ," Not explicitly mentioned, but the abstract implies that these two methods were used in conjunction with other lean production tools ", - Reduction in lead time<br>- Increase in productivity , An Indian manufacturing industry ,India,Asia, Manufacturing ,Manufacturing,2015, Not explicitly mentioned , ,,,,,,,,,,,,,,,,,,,,,,,,,,,,,,,,,,,,,,,,,,,,,,,,,,
 Paper 72 , Implementation of Lean Tools in an Automotive Industry for Productivity Enhancement - A Case Study ,"VSM combined with 5S, work standardization, and line balancing ", VSM  in combination with other lean tools , - Reduction of non-value added time by about 13%<br>- Increase in process cycle efficiency by about 10%<br>- Improvement in workplace organization and standardization<br>- Enhanced efficiency in the production process ," An automotive transmission component manufacturing industry located at Chennai, India ",India,Asia, Automotive ,Automotive ,2017, - Cycle time: Approximately 10% reduction<br>- Process cycle efficiency: Increased from 71.24% to 81.18% , ,,,,,,,,,,,,,,,,,,,,,,,,,,,,,,,,,,,,,,,,,,,,,,,,,,
 Paper 82 ," (Title not mentioned, but inferred as ""The Application of DMAIC Tools and Value Stream Mapping under the Perspective of the Lean Philosophy for Process Improvement: A Case Study"") ","VSM combined with DMAIC (Define, Measure, Analyze, Improve, Control) framework ", Used in combination ," Identification of waste and inefficiencies in the service chain, centralization of the company's inventory, reduced waste and increased efficiency, improved management of work routine ", A company in Brazil that trades in vitro diagnostic equipment ,Brazil,South America, Medical equipment sector , Medical equipment,2017, (Improvement rate for KPIs not mentioned) , ,,,,,,,,,,,,,,,,,,,,,,,,,,,,,,,,,,,,,,,,,,,,,,,,,,
 Paper 64 , Design of Lean Production with Sustainability and Fuzzy Logic in Value Stream Analysis Tools ,VSM combined with Fuzzy Logic , Used in combination with Fuzzy Logic , - Reduction in NNVA and NVA time<br>- Lead time reduction<br>- Increased production (from 28-30 units to 42 units per day) ," Yogyakarta, Indonesia ",Indonesia,Asia, Small and Medium Enterprises (SMEs) in the manufacturing sector , Small and Medium Enterprises (SMEs) in the manufacturing sector ,2017, Not provided , ,,,,,,,,,,,,,,,,,,,,,,,,,,,,,,,,,,,,,,,,,,,,,,,,,,
 Paper 33 , Operationalization of Lean Thinking through Value Stream Mapping with Simulation and FLOW ,VSM combined with Software Process Simulation Modeling (SPSM) and FLOW (a method and notation to capture information flows) , VSM  used in combination with SPSM and FLOW , 1) Identified challenges and improvements related to information needs in the process <br> 2) Generated more insightful discussions <br> 3) Resulted in more realistic improvements <br> 4) Useful complement to other teaching methods (in academic context) <br> 5) Triggered useful discussions and challenged practitioners' perceptions (in industrial context) , Industrial and academic contexts ,-,-, Software Engineering ,Software,2015, Not mentioned ,Thesis,,,,,,,,,,,,,,,,,,,,,,,,,,,,,,,,,,,,,,,,,,,,,,,,,,
 Paper 57 , Lean Tool Selection in a Die Casting Unit: A Fuzzy-Based Decision Support Heuristic ,VSM in combination with a fuzzy-based decision support heuristic , Combined use of VSM  and a fuzzy-based decision support heuristic ," Identification and reduction of wastes in the manufacturing process, Improvement in productivity and quality of the process, Enhancement of customer satisfaction by meeting their demands on time "," A die casting unit in Ranchi, India ",India,Asia, Manufacturing ,Die casting,2006, Not specified , ,,,,,,,,,,,,,,,,,,,,,,,,,,,,,,,,,,,,,,,,,,,,,,,,,,
 Paper 143 , Cleaner Production Value Stream Mapping at a Chromium Plating Plant: A Case Study ,VSM in combination with Cleaner Production (CP) technology (referred to as Cleaner Production VSM (CPVSM )) , VSM  used in combination with Cleaner Production (CP) technology , - Promotes production line sustainability by reducing waste and improving efficiency <br> - Enhances visualization of lean practices and promotes sustainable development <br> - Improves the CP process implementation and promotes lean manufacturing sustainability , Small Medium Enterprise (SME) chromium plating company in Malaysia ,Malaysia,Asia, Manufacturing ,Chromium plating,2019, Not mentioned ,,,,,,,,,,,,,,,,,,,,,,,,,,,,,,,,,,,,,,,,,,,,,,,,,,,
 Paper 155 , Value Stream Mapping 4.0: Holistic examination of value stream and information logistics in production ,VSM in combination with digitalization and automation techniques , VSM  used in combination with other methods ," Improved transparency, communication, reduced lead time and inventory, increased efficiency and productivity ", Not specified ,-,-, Manufacturing ,,2017, Not specified , ,,,,,,,,,,,,,,,,,,,,,,,,,,,,,,,,,,,,,,,,,,,,,,,,,,
 Paper 31 , Kanban and value stream mapping analysis in lean manufacturing philosophy via simulation: A plastic fabrication (case study) ,"VSM in combination with Kanban system, Total Productive Maintenance (TPM), and setup time reduction ", Used in combination with other methods ," - Decreased total production lead time from 244 hours to 4 hours (98% reduction)<br>- Reduction of current average inventory level from 65,900 pieces to 14,991 pieces (77% reduction) ", Not specified ,-,-, Plastic fabrication industry , Plastic fabrication ,2015, - Total production lead time: 98% reduction<br>- WIP (Work-in-Process) inventory: 77% reduction , ,,,,,,,,,,,,,,,,,,,,,,,,,,,,,,,,,,,,,,,,,,,,,,,,,,
 Paper 232 , Sustainable-value stream mapping to improve manufacturing sustainability performance: a case study in a natural dye batik SME's ,VSM in combination with Lean Manufacturing principles , VSM  used in combination with other methods ," Improved manufacturing sustainability performance, enhanced product quality and consistency, positive environmental impact ", Indonesia ,Indonesia,Asia, Natural dye batik Small and Medium-sized Enterprises (SMEs) , Natural dye batik ,2020, Not mentioned , ,,,,,,,,,,,,,,,,,,,,,,,,,,,,,,,,,,,,,,,,,,,,,,,,,,
 Paper 235 , Redesigning an Assembly Line through Lean Manufacturing Tools ,VSM in combination with other lean manufacturing tools , VSM  used in combination with other methods ," Lead time reduction by 60%, work-in-progress inventory decrease by 50%, productivity improvement by 20%, enhancement of worker satisfaction and motivation ", Spain ,Spain,Europe, Manufacturing industry , Manufacturing ,2009," Lead time: 60% reduction, Work-in-progress inventory: 50% decrease, Productivity: 20% improvement ", ,,,,,,,,,,,,,,,,,,,,,,,,,,,,,,,,,,,,,,,,,,,,,,,,,,
 Paper 149 , Hidden Waste Factors in LEAN Management: Towards Improved Shop-floor Communication and Management ,VSM in combination with other optimization methods , VSM  used in combination with other methods ," Identification of waste factors, suggestions for reducing waste and improving communication, management, and operational efficiency ", Two manufacturing organizations ,-,-, Not specified ,,2019, Not explicitly mentioned , ,,,,,,,,,,,,,,,,,,,,,,,,,,,,,,,,,,,,,,,,,,,,,,,,,,
 Paper 290 , Application of a concept development process to evaluate process layout designs using value stream mapping and simulation ,VSM in combination with simulation and concept development process (CDP) , VSM  used in combination with simulation and CDP ," Identification of the most efficient process layout design (Independent Zone Layout) for a portable fire extinguisher manufacturing company, leading to increased productivity and reduced cycle time ", A portable fire extinguisher manufacturing company in the United States ,United States,North America, Portable fire extinguisher manufacturing ,Portable fire extinguisher ,2011," Independent Zone Layout led to 39% reduction in complexity compared to Current Layout and 36% reduction compared to Express Lane Layout, annual capacity met demand of 8.5 million units ",,,,,,,,,,,,,,,,,,,,,,,,,,,,,,,,,,,,,,,,,,,,,,,,,,,
 Paper 71 , Implementation of Lean Principles for Performance Improvement: Use of VSM +WID for Waste Identification ,VSM in combination with Waste Identification Diagram (WID) , VSM  in combination with WID , - Enables visualization of waste and performance gaps<br>- Encourages search for effective waste reduction solutions<br>- Enhances understanding of manufacturing flow challenges<br>- Increases awareness of waste distribution among processes , Leather products manufacturing firm ,-,-, Not specified , Leather products,2018, - Throughput time decreased by 68%<br>- Value-added ratio improved by 197%<br>- Productivity of cutting and inspection process increased by 34%<br>- Utilization of people in value-adding operations increased from 30% to 37% , ,,,,,,,,,,,,,,,,,,,,,,,,,,,,,,,,,,,,,,,,,,,,,,,,,,
 Paper 100 , Application ofVSM in Gear Manufacturing Process: A Case Study ,VSM integrated with Kaizen and Just-in-Time (JIT) , VSM  was used in combination with Kaizen and JIT ," - Reduction in process cycle time by 10 minutes in the shaping section and 15 minutes in the tempering section<br>- Decrease in inventory equal to 528 minutes of production lead time, resulting in a reduction to 132 minutes<br>- Continuous process flow, reduction in inventory, and reduction in total time for travel<br>- Increase in the process ratio from 0.36 to 0.67 "," Lahore, Pakistan ",Pakistan,Asia, Large gear manufacturer producing gears for agriculture machinery and power generators ,Gear and power generator,2016, - Process cycle time reduction: 10 minutes in shaping and 15 minutes in tempering<br>- Inventory reduction: From 528 minutes to 132 minutes of production lead time<br>- Process ratio improvement: From 0.36 to 0.67 , ,,,,,,,,,,,,,,,,,,,,,,,,,,,,,,,,,,,,,,,,,,,,,,,,,,
 Paper 298 , QFD integrated value stream mapping: an enabler of lean manufacturing ,VSM integrated with Quality Function Deployment (QFD) , In combination with Quality Function Deployment (QFD) , - Scientific prioritization of wastes and techniques for waste elimination<br>- Streamlining of manufacturing processes<br>- Improvement in lead time and inventory management<br>- Enhancement of product quality , Conducted in an Indian pump manufacturing organization ,India,Asia, Manufacturing ,Pump,2011," Not explicitly stated, but significant improvements in lead time, inventory management, and product quality can be inferred ",,,,,,,,,,,,,,,,,,,,,,,,,,,,,,,,,,,,,,,,,,,,,,,,,,,
 Paper 58 , A Process for Designing Lean- and Sustainable Production ,VSM integrated with sustainability life cycle analysis and sustainability compliance index ," Combined use of VSM, sustainability life cycle analysis, and sustainability compliance index "," Assists in designing lean- and sustainable production systems, Improves production and sustainability performances, Provides a roadmap for more lean- and sustainable production systems ", A medium-sized manufacturer in the roller blind industry ,-,-, - ,Roller blind,2017, A roadmap of about 40 actions was suggested to the case company distributed on a one year time plan (specific improvement rates for KPIs not mentioned) , ,,,,,,,,,,,,,,,,,,,,,,,,,,,,,,,,,,,,,,,,,,,,,,,,,,
 Paper 171 , Application of Lean Manufacturing Principles to Eliminate Losses in a Productive Process ,VSM used in combination with Lean Manufacturing principles and quality tools , VSM  used in combination with Lean Manufacturing principles and quality tools ," 12.1% reduction in the annual loss percentage index of packaging, Improvement in communication between different sectors of the company, Greater visibility of the losses indicators in the unit "," Industrial unit in the state of Sergipe, Brazil ",Brazil,South America, Packaging , Packaging ,2020, Packaging loss: 12.1% , ,,,,,,,,,,,,,,,,,,,,,,,,,,,,,,,,,,,,,,,,,,,,,,,,,,
 Paper 66 , Sustainable Leather Waste Management: A Circular Approach ,VSM was with cost-benefit analysis and waste flow mapping , Used in combination with cost-benefit analysis and waste flow mapping ," - Increased recovery of leather material from waste streams<br>- Enhanced purity of recovered leather, leading to improved revenues<br>- Improved economic viability of leather recycling systems ", Centre for Sustainable Manufacturing and Reuse/Recycling ,-,-, Leather and footwear manufacturing , Leather and footwear ,2017, - Increased leather material recovery by up to 30%<br>- Improved purity of recovered leather by up to 50%<br>- Reduced costs associated with leather waste disposal by up to 40% , ,,,,,,,,,,,,,,,,,,,,,,,,,,,,,,,,,,,,,,,,,,,,,,,,,,
 Paper 101,Waste Detection and Optimization by Applying Bayesian Causal Map Technique on Value Stream Maps,VSM with Bayesian Causal Mapping integrated  ,Value Stream Mapping in combination with Bayesian Causal Mapping,"Simplification of complex processes, improved performance analysis",Istanbul Technical University,Turkey,Asia,Academic research,Academic research,2021,Not specified in the provided document,,,,,,,,,,,,,,,,,,,,,,,,,,,,,,,,,,,,,,,,,,,,,,,,,,,
 Paper 68 , Analyzing the Benefits of Lean Manufacturing and Value Stream Mapping via Simulation: A Process Sector Case Study ,VSM with simulation modeling , Used in combination with simulation modeling , - Reduced production lead-time<br>- Lower work-in-process inventory , A large integrated steel mill referred to as AB steel (ABS) for confidentiality reasons ,-,-, Steel manufacturing ,Steel,2007," - The total production lead-time could potentially be reduced from 48 days to under 15 days, a reduction of almost 70%<br>- The current average inventory level across all stations between the pickle line and the TM could potentially be driven down from about 96 coils to around 10 coils, a reduction of almost 90% ", ,,,,,,,,,,,,,,,,,,,,,,,,,,,,,,,,,,,,,,,,,,,,,,,,,,
 Paper 90 , Materials Flow Improvement in a Lean Assembly Line: A Case Study ,"VSM, 5S system, Just-In-Time (JIT) production ", Used in combination with 5S and JIT ," Reduction in materials handling time by 32%, Decrease in work-in-process inventory by 47%, Improvement in space utilization by 25%, Enhancement of employee involvement and motivation ", Manufacturing plant in the automotive sector in Spain ,Spain,Europe, Automotive ,Automotive ,2007," Cycle time reduction: 28%, Productivity increase: 19%, Lead time reduction: 35%, Quality improvement (defect rate reduction): 22% ", ,,,,,,,,,,,,,,,,,,,,,,,,,,,,,,,,,,,,,,,,,,,,,,,,,,
Paper 111,Importance of Holistic Approach of Assembly Production Transformation in Manufacturing with Value Stream Mapping,"VSM, 5S, Standard Work, Lean Daily Management, Problem Solving","VSM  used in combination with 5S, Standard Work, Lean Daily Management, and Problem Solving","Improved quality, delivery, and productivity KPIs; increased production output; decreased quality returns; improved delivery performance",Electronic Manufacturing Facility,-,-,Electronics Manufacturing Services (EMS),Electronics ,2018,Production output: +110%; On-time delivery: +5%; Quality returns: -100%,,,,,,,,,,,,,,,,,,,,,,,,,,,,,,,,,,,,,,,,,,,,,,,,,,,
 Paper 114,Importance of Holistic Approach of Assembly Production Transformation in Manufacturing with Value Stream Mapping,"VSM, 5S, Standard Work, Lean Daily Management, Problem Solving","VSM  used in combination with 5S, Standard Work, Lean Daily Management, and Problem Solving","Improved quality, delivery, and productivity KPIs; increased production output; decreased quality returns; improved delivery performance",Electronic Manufacturing Facility,-,-,Electronics Manufacturing Services (EMS),Electronics ,2018,Production output: +110%; On-time delivery: +5%; Quality returns: -100%,,,,,,,,,,,,,,,,,,,,,,,,,,,,,,,,,,,,,,,,,,,,,,,,,,,
 Paper 91 , Value Stream Mapping for Lean Construction in Offsite Housing Projects ,"VSM, Building Information Modeling (BIM) ", Used in combination with BIM ," Cost reduction, Time reduction, Quality improvement, Higher performance ", UK ,UK,Europe, Construction ,Construction,2021, Not explicitly stated , ,,,,,,,,,,,,,,,,,,,,,,,,,,,,,,,,,,,,,,,,,,,,,,,,,,
 Paper 81,Production Flow Efficiency with Mass Customization in Small-Medium Enterprises: A Case Study Within the Swedish Electronics Industry,"VSM, Company Surveys, Interviews, Observations","VSM  used in combination with company surveys, interviews, and observations","Identified challenges with mass customization, inefficiencies in material flow due to push system, importance of production planning and control, communication and knowledge management for flow efficiency",Swedish Electronics Industry (Single Case Study),Sweden,Europe,Electronics,Electronics,2017,Not specified,,,,,,,,,,,,,,,,,,,,,,,,,,,,,,,,,,,,,,,,,,,,,,,,,,,
 Paper 245 , Decision-making through Fuzzy TOPSIS and COPRAS approaches for lean tools selection: A case study of automotive accessories manufacturing industry ,"VSM, Fuzzy TOPSIS and COPRAS for lean tools selection ", VSM  used in combination with optimization methods , - Improvement in lead time by 16.44%<br>- Reduction in non-value added time by 61.03%<br>- Decrease in transportation distances by 40.42%<br>- Reduction in waiting time by 86%<br>- Enhanced productivity<br>- Improved customer service<br>- Reduction in inventory<br>- Reduction in internal traffic , Automotive accessories manufacturing plant ,-,-, Automobile industry ,Automotive,2023, - Lead time: 16.44% reduction<br>- Non-value added time: 61.03% reduction<br>- Transportation distances: 40.42% reduction<br>- Waiting time: 86% reduction , ,,,,,,,,,,,,,,,,,,,,,,,,,,,,,,,,,,,,,,,,,,,,,,,,,,
 Paper 25 , Application of Value Stream Mapping in Pump Assembly Process: A Case Study ,"VSM, Kaizen principles ", VSM  used in combination with Kaizen principles and 5S ," - Reduced processing time from 241.7 hours to 148.3 hours (61% reduction)<br>- Increased efficiency in inspection, heat treatment, and assembly line<br>- Improved overall quality of the assembly<br>- Reduced cycle time<br>- Increased productivity<br>- Fewer rejections<br>- Improved customer satisfaction ", Not specified (case study in a medium-scale enterprise) ,-,-, Manufacturing (pump assembly) ,pump,2015," - Processing time reduced by 61%<br>- Efficiency in inspection, heat treatment, and assembly line increased (no specific numbers provided) ",,,,,,,,,,,,,,,,,,,,,,,,,,,,,,,,,,,,,,,,,,,,,,,,,,,
 Paper 93 ,Value Stream Mapping On Gear Manufacturing Company,"VSM, Kaizen, 5 whys ", Used in combination with other lean tools and methods ," Reduced lead times, improved flow, removal of wasteful activities in the pharmaceutical packaging process ", Swedish pharmaceutical manufacturing company ,Sweden,Europe, Pharmaceutical industry ,Pharmaceutical,2017, Not explicitly mentioned , ,,,,,,,,,,,,,,,,,,,,,,,,,,,,,,,,,,,,,,,,,,,,,,,,,,
Paper 108,Implementation of Lean Manufacturing Technique with Matlab Simulation Software in An Automobile Industry每A Case Study,"VSM, Lean manufacturing tools like 5S, JIT, setup time reduction, TQM, Matlab simulation software","VSM  used in combination with other lean tools like 5S, JIT, setup time reduction, TQM, and Matlab simulation software",- Floor space reduced by 50.4%<br>- Inventory reduced by 82%<br>- Lead time reduced by 61%<br>- Man-machine ratio improved by 60%<br>- Manpower utilization improved by 66%<br>- Distance traveled reduced by 4.56 times<br>- Non-value-added time reduced<br>- Number of machines reduced<br>- Number of operators per shift reduced,Automobile industry (not explicitly mentioned),-,-,Automobile,Automobile,2023,- Floor space: 50.4% improved<br>- Inventory: 82% improved<br>- Lead time: 61% improved<br>- Man-machine ratio: 60% improved<br>- Manpower utilization: 66% improved<br>- Distance traveled: 4.56 times reduced<br>- Non-value-added time reduced<br>- Number of machines reduced<br>- Number of operators per shift reduced,,,,,,,,,,,,,,,,,,,,,,,,,,,,,,,,,,,,,,,,,,,,,,,,,,,
 Paper 50,Lean Tools Execution in a Small Scale Manufacturing Industry for Productivity Improvement- A Case Study,"VSM, Line Balancing, Single Minute Exchange of Dies (SMED), Kaizen","VSM  used in combination with Line Balancing, SMED, and Kaizen","Lead time reduction from 6.9 days to 3.6 days, cycle time reduction from 170 minutes to 140 minutes, customer demand met on time","Small scale automotive component manufacturing industry in Chennai, India",India,Asia,Automotive,Automotive,2016,"Lead time: 49% reduction, Cycle time: 17.6% reduction",,,,,,,,,,,,,,,,,,,,,,,,,,,,,,,,,,,,,,,,,,,,,,,,,,,
 Paper 84 , Reduction of lead time through curtailment of cycle time of a supplier- a case example ,"VSM, PERT, FMEA, and Gnatt chart ", Used in combination ," Reduction of cycle time and lead time in the finishing department, identification of non-value-added activities and bottlenecks, anticipation and mitigation of potential failures, effective management of replacement time of rejected materials ", Finishing department of a ductile iron pipe manufacturing company in India ,India,Asia, Manufacturing (Ductile iron pipe production) ,Ductile iron pipe ,2017," For FBE (Fusion Bond Epoxy) coated ductile iron pipes, lead time reduced from 129 days to 78 days (39% improvement). For Bitumen coated ductile iron pipes, lead time reduced from 121 days to 69 days (43% improvement). ", ,,,,,,,,,,,,,,,,,,,,,,,,,,,,,,,,,,,,,,,,,,,,,,,,,,
Paper 36,Productivity improvement through lean initiative in a surgical equipment manufacturing company: a case study,"VSM, regression analysis, and Six Sigma DMAIC approach.",VSM  was used in combination with other lean tools and techniques such as regression analysis and Six Sigma DMAIC approach.,"The implementation of lean tools and techniques resulted in a nearly 50% increase in overall productivity, reduction in lead time, and elimination of waste in the manufacturing process.",The study was conducted in a surgical equipment manufacturing company located in India.,India,Asia,Healthcare/Medical Equipment,Healthcare/Medical Equipment,2015,"The improvement rate for the KPIs was not explicitly stated, but there was a significant increase in productivity, reduction in lead time, and elimination of waste.",,,,,,,,,,,,,,,,,,,,,,,,,,,,,,,,,,,,,,,,,,,,,,,,,,,
 Paper 162 , An integrated lean and green approach for improving sustainability performance: A case study of a packaging manufacturing SME in the UK ,"VSM, Root Cause Analysis (RCA), Future State GIVSM  (Green Integrated VSM) ", VSM  used in combination with RCA and Future State GIVSM  ," Decreased lead time by 63%, Reduced carbon footprint by 49%, Improved operational efficiency, Enhanced environmental performance ", UK ,UK,Europe, Packaging manufacturing SME , Packaging ,2017," Lead time reduction: 63%, Carbon footprint reduction: 49% ", ,,,,,,,,,,,,,,,,,,,,,,,,,,,,,,,,,,,,,,,,,,,,,,,,,,
 Paper 92 , Value Stream Mapping and Simulation for Lean Manufacturing: A Case Study in Furniture Industry ,"VSM, Simulation ", Used in combination ," Identification of sources of wastes, Development of future state map, Analysis of benefits gained in the future state map ", Not specified ,-,-, Furniture industry ,Furniture,2016, Not specified , ,,,,,,,,,,,,,,,,,,,,,,,,,,,,,,,,,,,,,,,,,,,,,,,,,,
 Paper 118 , Improving Material Flow and Production Layout Using Value Stream Mapping: A Case Study in a Manufacturing Company ,"VSM, spaghetti diagrams, process activity mapping ", VSM  combined with other methods ," Identification of non-value adding activities, improvement of material flow and handling, recommendations for layout design "," LEAX Skaraborg, J?nk?ping, Sweden ",Sweden,Europe, Manufacturing ,,2018, Manual material handling time reduced by 9% , ,,,,,,,,,,,,,,,,,,,,,,,,,,,,,,,,,,,,,,,,,,,,,,,,,,
 Paper 15 ,A stochastic analysis approach on the cost-time profile for selecting the best future state MA,"VSM, Stochastic Analysis Approach, Kernel Estimation Methods ", Used in combination with Stochastic Analysis Approach and Kernel Estimation Methods ," Allows for a more precise and accurate selection of the best FSM by considering the minimum expected CTI and minimum expected variability in CTIs among proposed alternatives, Enhances decision-making in the manufacturing process by considering both cost and time factors, Helps manufacturing organizations to consider both the cost factor and the variability in generated data, in addition to the time factor ", An industrial parts manufacturing company in Iran ,Iran,Asia, Manufacturing ,industrial parts,2015, Not specified ,,,,,,,,,,,,,,,,,,,,,,,,,,,,,,,,,,,,,,,,,,,,,,,,,,,
 Paper 166 , Transportation Value Stream Mapping Approach for Multimodal Transport: A Case Study ,"VSM, Transportation VSM (TVSM ), Beresford time cost distance model ", VSM  used in combination with Lean manufacturing principles ," Identification of wastes in transportation operations, Improved efficiency in transportation systems, Optimization of transportation routes and costs "," Izmir, Turkey ",Turkey,Asia, Food packaging manufacturer , Food packaging ,2019, Not provided , ,,,,,,,,,,,,,,,,,,,,,,,,,,,,,,,,,,,,,,,,,,,,,,,,,,
 Paper 106 , Efficiency Enhancement in a Medium Scale Gearbox Manufacturing Company through Different Lean Tools - A Case Study ,"VSM, Work Standardization, Kaizen "," VSM  and Work Standardization used together, Kaizen events conducted "," Increased productivity, reduced cycle time, reduced work in progress time ", A medium scale gearbox manufacturing company in India ,India,Asia, Manufacturing ,medium scale gearbox ,2018," Productivity increased by 43%, cycle time reduced by 4.3%, work in progress time reduced by 10% ", ,,,,,,,,,,,,,,,,,,,,,,,,,,,,,,,,,,,,,,,,,,,,,,,,,,
